{
    "Ar36": {
        "error": 0.0002963775894127702, 
        "fit": "Parabolic", 
        "value": 0.008207502816441411
    }, 
    "Ar37": {
        "error": 0.01387847270959124, 
        "fit": "linear", 
        "value": 0.02455273592684004
    }, 
    "Ar38": {
        "error": 0.022124093313032885, 
        "fit": "linear", 
        "value": 0.46013648702835985
    }, 
    "Ar39": {
        "error": 0.029115779688515052, 
        "fit": "Parabolic", 
        "value": 12.939718598902159
    }, 
    "Ar40": {
        "error": 0.04211864974886706, 
        "fit": "Parabolic", 
        "value": 183.86188702084615
    }
}