{
    "Ar36": {
        "error": 0.00026630455595588824, 
        "filter_outliers_dict": {
            "filter_outliers": true, 
            "iterations": 1, 
            "std_devs": 2
        }, 
        "fit": "Parabolic", 
        "value": 0.007231706599271245
    }, 
    "Ar37": {
        "error": 0.011026642214089187, 
        "filter_outliers_dict": {
            "filter_outliers": true, 
            "iterations": 1, 
            "std_devs": 2
        }, 
        "fit": "linear", 
        "value": -0.13211511605073178
    }, 
    "Ar38": {
        "error": 0.013155340253226622, 
        "filter_outliers_dict": {
            "filter_outliers": true, 
            "iterations": 1, 
            "std_devs": 2
        }, 
        "fit": "linear", 
        "value": 0.05359688890622187
    }, 
    "Ar39": {
        "error": 0.027885928784736908, 
        "filter_outliers_dict": {
            "filter_outliers": true, 
            "iterations": 1, 
            "std_devs": 2
        }, 
        "fit": "Parabolic", 
        "value": 11.832216656308209
    }, 
    "Ar40": {
        "error": 0.03162955689115712, 
        "filter_outliers_dict": {
            "filter_outliers": true, 
            "iterations": 1, 
            "std_devs": 2
        }, 
        "fit": "Parabolic", 
        "value": 168.2035278389424
    }
}