{
    "AX": {
        "error": 0.012801909670813917, 
        "fit": "average", 
        "value": -0.11129827140551707
    }, 
    "H1": {
        "error": 0.012526148001818971, 
        "fit": "average", 
        "value": -0.15977679241315734
    }, 
    "H2": {
        "error": 0.009957645646089261, 
        "fit": "average", 
        "value": -0.005581679893716157
    }, 
    "L1": {
        "error": 0.009906371020231826, 
        "fit": "average", 
        "value": -0.12841851053179343
    }, 
    "L2": {
        "error": 0.011969281306881876, 
        "fit": "average", 
        "value": -0.09866229381086372
    }
}