{
    "AX": {
        "error": 0.011943178441395705, 
        "fit": "average", 
        "value": -0.12740516696682316
    }, 
    "H1": {
        "error": 0.011842472741334488, 
        "fit": "average", 
        "value": -0.1496518721856893
    }, 
    "H2": {
        "error": 0.010782359565198402, 
        "fit": "average", 
        "value": -0.1885833217687683
    }, 
    "L1": {
        "error": 0.01091409427075612, 
        "fit": "average", 
        "value": -0.11653255638827024
    }, 
    "L2": {
        "error": 0.013422643020569197, 
        "fit": "average", 
        "value": -0.12947584822519348
    }
}