{
    "AX": {
        "error": 0.01257902181741248, 
        "fit": "average", 
        "value": -0.12307611659934085
    }, 
    "H1": {
        "error": 0.011635392377066107, 
        "fit": "average", 
        "value": -0.16201919176542093
    }, 
    "H2": {
        "error": 0.010471681791000009, 
        "fit": "average", 
        "value": -0.14064034524750432
    }, 
    "L1": {
        "error": 0.011284738498347387, 
        "fit": "average", 
        "value": -0.14243041567635858
    }, 
    "L2": {
        "error": 0.010411508245812983, 
        "fit": "average", 
        "value": -0.14388059508339054
    }
}