{
    "Ar36": {
        "error": 0.04763613988197114, 
        "fit": "Parabolic", 
        "value": 13.689498920103759
    }, 
    "Ar37": {
        "error": 0.02074382849364229, 
        "fit": "linear", 
        "value": 1.2386501242402397
    }, 
    "Ar38": {
        "error": 0.024039580581755433, 
        "fit": "linear", 
        "value": 2.9441107234255623
    }, 
    "Ar39": {
        "error": 0.040990059800405786, 
        "fit": "Parabolic", 
        "value": 21.262851873090565
    }, 
    "Ar40": {
        "error": 0.2303413408765852, 
        "fit": "Parabolic", 
        "value": 1488.1679033928954
    }
}