{
    "Ar36": {
        "error": 0.04110346061396533, 
        "fit": "Parabolic", 
        "value": 0.08807709554183536
    }, 
    "Ar37": {
        "error": 0.018922656009561327, 
        "fit": "linear", 
        "value": 8.207692385476545
    }, 
    "Ar38": {
        "error": 0.020541654771885094, 
        "fit": "linear", 
        "value": 0.3364723215066907
    }, 
    "Ar39": {
        "error": 0.03403105948808047, 
        "fit": "Parabolic", 
        "value": 9.921696623903316
    }, 
    "Ar40": {
        "error": 0.5017516484259881, 
        "fit": "Parabolic", 
        "value": 4012.6464511438057
    }
}