{
    "Ar36": {
        "error": 0.03829277718386054, 
        "fit": "Parabolic", 
        "value": 1.459375311970942
    }, 
    "Ar37": {
        "error": 0.019376917009818057, 
        "fit": "linear", 
        "value": 2.5614414834521675
    }, 
    "Ar38": {
        "error": 0.021530688450202742, 
        "fit": "linear", 
        "value": 2.119594238104944
    }, 
    "Ar39": {
        "error": 0.03635029409638905, 
        "fit": "Parabolic", 
        "value": 1.7780776788108241
    }, 
    "Ar40": {
        "error": 0.1165299116548469, 
        "fit": "Parabolic", 
        "value": 722.6352448976364
    }
}