{
    "Ar36": {
        "error": 0.0074479234059685595, 
        "fit": "Parabolic", 
        "value": 0.9409804543795568
    }, 
    "Ar37": {
        "error": 0.032329432626735904, 
        "fit": "linear", 
        "value": 0.988898272927452
    }, 
    "Ar38": {
        "error": 0.03920275316626771, 
        "fit": "linear", 
        "value": 2.9847302041754893
    }, 
    "Ar39": {
        "error": 0.08402327639027589, 
        "fit": "Parabolic", 
        "value": 1.7894540124150855
    }, 
    "Ar40": {
        "error": 0.16581413053532557, 
        "fit": "Parabolic", 
        "value": 341.98475314828556
    }
}