{
    "Ar36": {
        "error": 0.030240627392194398, 
        "fit": "Parabolic", 
        "value": 13.221408146392253
    }, 
    "Ar37": {
        "error": 0.03157900297830136, 
        "fit": "linear", 
        "value": 13.585813253484096
    }, 
    "Ar38": {
        "error": 0.016434403207414135, 
        "fit": "linear", 
        "value": 13.068744040743471
    }, 
    "Ar39": {
        "error": 0.0847139230171392, 
        "fit": "Parabolic", 
        "value": 15.958718461980194
    }, 
    "Ar40": {
        "error": 3.6052293323423372, 
        "fit": "Parabolic", 
        "value": 8698.468028026837
    }
}