{
    "Ar36": {
        "error": 0.0053312679267786805, 
        "filter_outliers_dict": {
            "filter_outliers": true, 
            "iterations": 1, 
            "std_devs": 2
        }, 
        "fit": "Parabolic", 
        "value": 6.682505810916428
    }, 
    "Ar37": {
        "error": 0.012065898619880626, 
        "filter_outliers_dict": {
            "filter_outliers": true, 
            "iterations": 1, 
            "std_devs": 2
        }, 
        "fit": "linear", 
        "value": 0.15019807210005987
    }, 
    "Ar38": {
        "error": 0.013899132760474612, 
        "filter_outliers_dict": {
            "filter_outliers": true, 
            "iterations": 1, 
            "std_devs": 2
        }, 
        "fit": "linear", 
        "value": 4.429098878514288
    }, 
    "Ar39": {
        "error": 0.02173969670702373, 
        "filter_outliers_dict": {
            "filter_outliers": true, 
            "iterations": 1, 
            "std_devs": 2
        }, 
        "fit": "Parabolic", 
        "value": 2.7109328890268714
    }, 
    "Ar40": {
        "error": 0.17667375808254934, 
        "filter_outliers_dict": {
            "filter_outliers": true, 
            "iterations": 1, 
            "std_devs": 2
        }, 
        "fit": "Parabolic", 
        "value": 2577.221482726291
    }
}