{
    "Ar36": {
        "error": 0.015875352445734053, 
        "fit": "Parabolic", 
        "value": 2.9219779667292443
    }, 
    "Ar37": {
        "error": 0.028429780071759343, 
        "fit": "linear", 
        "value": 1.954786810057125
    }, 
    "Ar38": {
        "error": 0.01769232979319734, 
        "fit": "linear", 
        "value": 7.457684258236022
    }, 
    "Ar39": {
        "error": 0.08585905705267531, 
        "fit": "Parabolic", 
        "value": 6.731827858590922
    }, 
    "Ar40": {
        "error": 1.002009439727845, 
        "fit": "Parabolic", 
        "value": 3139.0136873649094
    }
}