{
    "Ar36": {
        "error": 0.0041989833091454435, 
        "fit": "Parabolic", 
        "value": 0.29234802703486595
    }, 
    "Ar37": {
        "error": 0.026737981342344543, 
        "fit": "linear", 
        "value": 3.280686586182054
    }, 
    "Ar38": {
        "error": 0.02016781857643532, 
        "fit": "linear", 
        "value": 2.9575617856071372
    }, 
    "Ar39": {
        "error": 0.15573571219438193, 
        "fit": "Parabolic", 
        "value": 160.4645579179633
    }, 
    "Ar40": {
        "error": 0.2222312023252091, 
        "fit": "Parabolic", 
        "value": 354.46731497091525
    }
}