{
    "Ar36": {
        "error": 0.0010043788839908697, 
        "filter_outliers_dict": {
            "filter_outliers": true, 
            "iterations": 1, 
            "std_devs": 2
        }, 
        "fit": "Parabolic", 
        "value": 0.28342436774791635
    }, 
    "Ar37": {
        "error": 0.011979266265446197, 
        "filter_outliers_dict": {
            "filter_outliers": true, 
            "iterations": 1, 
            "std_devs": 2
        }, 
        "fit": "linear", 
        "value": 0.07191942771376453
    }, 
    "Ar38": {
        "error": 0.013763954747132906, 
        "filter_outliers_dict": {
            "filter_outliers": true, 
            "iterations": 1, 
            "std_devs": 2
        }, 
        "fit": "linear", 
        "value": 0.29404889302667697
    }, 
    "Ar39": {
        "error": 0.021340225884647186, 
        "filter_outliers_dict": {
            "filter_outliers": true, 
            "iterations": 1, 
            "std_devs": 2
        }, 
        "fit": "Parabolic", 
        "value": 0.30824705066728436
    }, 
    "Ar40": {
        "error": 0.029014979193778805, 
        "filter_outliers_dict": {
            "filter_outliers": true, 
            "iterations": 1, 
            "std_devs": 2
        }, 
        "fit": "Parabolic", 
        "value": 85.01033111944625
    }
}