{
    "AX": {
        "error": 0.012023475301318443, 
        "filter_outliers_dict": {
            "filter_outliers": true, 
            "iterations": 1, 
            "std_devs": 2
        }, 
        "fit": "average", 
        "value": -0.11881092249133085
    }, 
    "H1": {
        "error": 0.011801237013783439, 
        "filter_outliers_dict": {
            "filter_outliers": true, 
            "iterations": 1, 
            "std_devs": 2
        }, 
        "fit": "average", 
        "value": 0.0645408841229915
    }, 
    "H2": {
        "error": 0.009532285856536506, 
        "filter_outliers_dict": {
            "filter_outliers": true, 
            "iterations": 1, 
            "std_devs": 2
        }, 
        "fit": "average", 
        "value": -0.02581756141845942
    }, 
    "L1": {
        "error": 0.012190308444407797, 
        "filter_outliers_dict": {
            "filter_outliers": true, 
            "iterations": 1, 
            "std_devs": 2
        }, 
        "fit": "average", 
        "value": 0.032607162263815916
    }, 
    "L2(CDD)": {
        "error": 1.5210398452527737e-05, 
        "filter_outliers_dict": {
            "filter_outliers": true, 
            "iterations": 1, 
            "std_devs": 2
        }, 
        "fit": "average", 
        "value": 0.00018859367188931751
    }
}