{
    "AX": {
        "error": 0.01420838403344498, 
        "fit": "average", 
        "value": -0.11919024842760047
    }, 
    "H1": {
        "error": 0.01415995161153395, 
        "fit": "average", 
        "value": -0.12300588029481015
    }, 
    "H2": {
        "error": 0.01086324133883927, 
        "fit": "average", 
        "value": 0.17437007996065926
    }, 
    "L1": {
        "error": 0.01182777900455395, 
        "fit": "average", 
        "value": -0.1258831078966526
    }, 
    "L2": {
        "error": 0.01092652575895501, 
        "fit": "average", 
        "value": -0.07579030658749779
    }
}