{
    "AX": {
        "error": 0.013490672323051473, 
        "fit": "average", 
        "value": -0.12425191010767062
    }, 
    "H1": {
        "error": 0.0125621553243657, 
        "fit": "average", 
        "value": -0.1635844485278881
    }, 
    "H2": {
        "error": 0.009695160750830843, 
        "fit": "average", 
        "value": -0.15221929263140446
    }, 
    "L1": {
        "error": 0.010356534995773181, 
        "fit": "average", 
        "value": -0.09225421543029527
    }, 
    "L2": {
        "error": 0.013372226921962882, 
        "fit": "average", 
        "value": -0.14615061133451854
    }
}