{
    "AX": {
        "error": 0.013009501375317771, 
        "fit": "average", 
        "value": -0.13169148553579793
    }, 
    "H1": {
        "error": 0.01067176860973199, 
        "fit": "average", 
        "value": -0.12057041619456224
    }, 
    "H2": {
        "error": 0.011066594012769725, 
        "fit": "average", 
        "value": -0.026522460486249913
    }, 
    "L1": {
        "error": 0.010693910698036328, 
        "fit": "average", 
        "value": -0.10367507697243533
    }, 
    "L2": {
        "error": 0.011346459331285532, 
        "fit": "average", 
        "value": -0.07836413655868973
    }
}