{
    "AX": {
        "error": 0.032439261831724006, 
        "fit": "average", 
        "value": -0.12405144269892739
    }, 
    "H1": {
        "error": 0.016123552525312522, 
        "fit": "average", 
        "value": 0.04762889125024879
    }, 
    "H2": {
        "error": 0.016845266053357975, 
        "fit": "average", 
        "value": -0.1253619212864448
    }, 
    "L1": {
        "error": 0.014230554054917813, 
        "fit": "average", 
        "value": -0.03492681045005117
    }, 
    "L2(CDD)": {
        "error": 8.241326505994838e-06, 
        "fit": "average", 
        "value": 2.3676982463145118e-05
    }
}