{
    "AX": {
        "error": 0.032099096394574526, 
        "fit": "average", 
        "value": -0.1827817492498144
    }, 
    "H1": {
        "error": 0.019786362530958296, 
        "fit": "average", 
        "value": 0.036342403531467754
    }, 
    "H2": {
        "error": 0.013217727804822601, 
        "fit": "average", 
        "value": -0.11528682824734945
    }, 
    "L1": {
        "error": 0.01481825862473155, 
        "fit": "average", 
        "value": -0.03932818708187716
    }, 
    "L2(CDD)": {
        "error": 7.92939830602283e-06, 
        "fit": "average", 
        "value": 2.104620664505745e-05
    }
}