{
    "AX": {
        "error": 0.028301240902621358, 
        "fit": "average", 
        "value": -0.17572906620914802
    }, 
    "H1": {
        "error": 0.018139777608729306, 
        "fit": "average", 
        "value": 0.0906598983211352
    }, 
    "H2": {
        "error": 0.01661154418990715, 
        "fit": "average", 
        "value": -0.09712330821925218
    }, 
    "L1": {
        "error": 0.014953458004428965, 
        "fit": "average", 
        "value": -0.03231296536750196
    }, 
    "L2(CDD)": {
        "error": 1.0523103360800122e-05, 
        "fit": "average", 
        "value": 4.20924132901149e-05
    }
}