{
    "AX": {
        "error": 0.02720282784228369, 
        "fit": "average", 
        "value": 0.11354282482011495
    }, 
    "H1": {
        "error": 0.0188465750249478, 
        "fit": "average", 
        "value": 0.044909815131538494
    }, 
    "H2": {
        "error": 0.017791072707207096, 
        "fit": "average", 
        "value": -0.21269177894102134
    }, 
    "L1": {
        "error": 0.01572131223201266, 
        "fit": "average", 
        "value": 0.0026301355411238736
    }, 
    "L2(CDD)": {
        "error": 1.544767465728766e-05, 
        "fit": "average", 
        "value": 0.00010950341381781762
    }
}