{
    "Ar36": {
        "error": 0.004837874391440867, 
        "fit": "Parabolic", 
        "value": 4.381418475598879
    }, 
    "Ar37": {
        "error": 0.013504650468961767, 
        "fit": "linear", 
        "value": 0.009681099219424762
    }, 
    "Ar38": {
        "error": 0.01841247380728088, 
        "fit": "linear", 
        "value": 1.290588571500881
    }, 
    "Ar39": {
        "error": 0.02676053157588159, 
        "fit": "Parabolic", 
        "value": 0.09270676711261247
    }, 
    "Ar40": {
        "error": 0.0966133785040658, 
        "fit": "Parabolic", 
        "value": 1358.8526433703073
    }
}