{
    "Ar36": {
        "error": 0.04602121199351872, 
        "fit": "Parabolic", 
        "value": 4.375299192484181
    }, 
    "Ar37": {
        "error": 0.019545014171204064, 
        "fit": "linear", 
        "value": -0.1447291024014548
    }, 
    "Ar38": {
        "error": 0.022324976338503274, 
        "fit": "linear", 
        "value": 0.7648398260579652
    }, 
    "Ar39": {
        "error": 0.0380320678043046, 
        "fit": "Parabolic", 
        "value": -0.11382697296259633
    }, 
    "Ar40": {
        "error": 0.13020875382025637, 
        "fit": "Parabolic", 
        "value": 1383.3465967412894
    }
}