{
    "Ar36": {
        "error": 0.045380789828230496, 
        "fit": "Parabolic", 
        "value": 4.477974867831181
    }, 
    "Ar37": {
        "error": 0.020201365691850732, 
        "fit": "linear", 
        "value": -0.01704971221386297
    }, 
    "Ar38": {
        "error": 0.027119523218102487, 
        "fit": "linear", 
        "value": 1.3003115318479221
    }, 
    "Ar39": {
        "error": 0.0372926200495353, 
        "fit": "Parabolic", 
        "value": 0.0007740524225235482
    }, 
    "Ar40": {
        "error": 0.25522893648626843, 
        "fit": "Parabolic", 
        "value": 1382.11641994001
    }
}